id,first_name,last_name,gender,email,city,ip_address,phone
7375,Cassie,Habercham,Male,chabercham0@nih.gov,Shanshi,253.109.217.219,852-531-8840
4970,Katharina,Krier,Female,kkrier1@buzzfeed.com,Guapimirim,28.249.75.157,850-218-6128
9452,Emlen,Ughi,Male,eughi2@yahoo.co.jp,Cova Figueira,22.79.16.99,779-731-4578
6890,Leticia,Heaney,,lheaney3@google.com,,114.182.77.31,
9635,Dilan,Boulton,Male,dboulton4@liveinternet.ru,Aketi,241.24.242.49,539-515-3720
7666,Nickie,Ales,,nales5@ca.gov,,109.144.75.149,
3681,Ronnica,Jeste,Female,rjeste6@washington.edu,Ar Ruways,144.228.28.141,566-544-2981
1513,Bernardo,Joinson,Male,bjoinson7@mozilla.com,Capacho Nuevo,203.155.44.210,590-829-5639
1581,Rakel,Wandrich,Female,rwandrich8@1und1.de,Chãos,30.54.146.110,974-209-1265
9001,Rosabel,Thirlaway,Female,rthirlaway9@wisc.edu,Bariri,255.130.160.160,743-804-1430
9919,Arabela,Schriren,Female,aschrirena@apple.com,Shibli,121.134.25.33,845-425-7691
4910,Harp,Weatherhogg,Male,hweatherhoggb@cbsnews.com,Lembursawah,170.229.126.30,272-782-4444
8921,Marys,Saipy,,msaipyc@cdbaby.com,,178.211.122.210,
7729,Padgett,Westrope,,pwestroped@yahoo.com,,45.13.93.9,
8639,Ilene,Gowthorpe,Female,igowthorpee@howstuffworks.com,Muriaé,127.81.20.208,848-751-1841
8946,Bren,Crabbe,Male,bcrabbef@google.es,Sabandia,142.245.230.146,732-304-1394
9774,Fran,Siggee,Male,fsiggeeg@multiply.com,Gobō,86.222.35.229,145-495-7166
9786,Adriano,Cartin,Male,acartinh@smh.com.au,Penza,91.212.201.147,264-580-9203
5506,Cece,Butland,Male,cbutlandi@xinhuanet.com,Lidingö,192.69.227.102,925-369-0843
7870,Guendolen,Dobkin,Female,gdobkinj@nydailynews.com,Quebrada Canoa,135.85.148.162,852-159-8682
4227,Kizzie,Possek,Female,kpossekk@weather.com,Sydney,239.99.40.190,220-899-2354
7847,Antonie,Moreno,Female,amorenol@discovery.com,Khairpur Nathan Shāh,246.189.232.136,222-825-3676
8184,Jordan,Merrilees,Female,jmerrileesm@digg.com,Oslo,67.142.162.164,254-619-5587
7538,Joice,Glowacz,Female,jglowaczn@baidu.com,Żelazków,210.5.61.37,173-603-7631
7962,Vachel,Dahlen,Male,vdahleno@topsy.com,Lyon,204.27.169.20,732-575-7288
8465,Carol-jean,Gaiter,Female,cgaiterp@usnews.com,Grenoble,158.59.15.18,922-614-3933
1614,Orion,Blowen,,oblowenq@nationalgeographic.com,,70.166.197.120,
4851,Freddi,Dayborne,Female,fdayborner@cargocollective.com,Sharïngol,249.10.63.115,420-525-9625
4115,Cthrine,Skeleton,Female,cskeletons@angelfire.com,Tpig,67.10.45.176,414-832-8217
1875,Trixy,Davidesco,Female,tdavidescot@sogou.com,La Caleta Culebras,31.98.85.80,778-900-5548
8231,Cris,Valde,Female,cvaldeu@zimbio.com,Songshi,178.164.56.7,287-430-3330
9315,Arda,Vercruysse,Female,avercruyssev@cdbaby.com,Xiaojiangba,253.214.25.81,514-634-1035
9728,Vinita,Stuart,Female,vstuartw@forbes.com,Yamrat,174.178.73.154,152-997-2349
9176,Putnam,Chucks,Male,pchucksx@blinklist.com,San Jose,80.71.209.102,408-831-7729
3159,Asia,Orans,Female,aoransy@networksolutions.com,Olsztynek,85.246.252.39,378-683-7460
7237,Jorie,Zini,Female,jziniz@reddit.com,Nyapar,245.195.240.182,734-529-1754
9032,Berke,Till,,btill10@google.ru,,61.57.202.212,
2521,Aloisia,Willox,Female,awillox11@nasa.gov,Hājīganj,130.25.68.204,925-385-3754
9385,Gwenny,Bedells,Female,gbedells12@fema.gov,Izra‘,180.116.149.38,672-929-4854
6030,Arlen,Paskerful,Female,apaskerful13@nytimes.com,Sokolovo,125.243.220.81,617-506-5986
1020,Walsh,Siburn,Male,wsiburn14@ftc.gov,Sanghan,37.8.136.107,509-646-1944
8025,Mufi,Coche,Female,mcoche15@globo.com,Vân Canh,89.7.73.66,861-346-5422
4255,Osborn,Shear,Male,oshear16@youku.com,Klyuchi,127.37.164.174,904-678-4274
7970,Katherine,Levermore,Female,klevermore17@ebay.co.uk,Ngluwuk,181.93.156.201,288-354-3403
2433,Eveleen,Earwaker,Female,eearwaker18@about.me,Gaoshi,54.67.0.144,703-928-5157
9829,Lowe,Tremayne,Male,ltremayne19@intel.com,Jobabo,7.121.136.75,577-287-6556
7419,Reynold,Spehr,Male,rspehr1a@networksolutions.com,Hŭngnam,46.156.215.39,627-339-0301
9943,Barrie,Mc Combe,Female,bmccombe1b@ezinearticles.com,Kanchanaburi,179.85.130.218,637-491-0603
6255,Prince,Mattityahou,Male,pmattityahou1c@behance.net,Tomaszów Lubelski,245.220.104.203,353-395-2415
1799,Kris,Gumbrell,Female,kgumbrell1d@smugmug.com,Huishi,131.131.165.40,463-263-9676
5566,Maryl,Nottingam,Female,mnottingam1e@blogger.com,Akhaltsikhe,176.107.55.136,625-409-8072
9972,Jeniffer,ffrench Beytagh,Female,jffrenchbeytagh1f@icq.com,Arpajon,71.2.200.189,775-492-6219
3448,Corbett,Banton,Male,cbanton1g@cbsnews.com,Oeri’u,156.159.186.208,775-418-5631
5601,Viviene,Luggar,Female,vluggar1h@purevolume.com,Mtsensk,163.167.171.141,478-527-2971
9633,Richie,Coutts,Male,rcoutts1i@netscape.com,Novokuz’minki,151.141.126.93,912-522-7934
7364,Giulia,Summerson,Female,gsummerson1j@aboutads.info,Xingou,112.127.240.201,786-760-8666
4126,Jacquelyn,Oxlee,,joxlee1k@paypal.com,,194.248.37.129,
9993,Kelly,Anderer,Female,kanderer1l@google.nl,Bueng Samakkhi,85.98.237.77,147-196-4719
5595,Ada,Gostridge,,agostridge1m@angelfire.com,,70.174.10.234,
3232,Parnell,Roath,Male,proath1n@nih.gov,Kranggan,65.30.43.199,666-725-4655
9383,Xever,Loveland,Male,xloveland1o@fotki.com,Purwa,2.201.22.209,234-253-2063
8988,Erek,Tracey,Male,etracey1p@bigcartel.com,Yixi,174.202.131.83,937-840-8213
6223,Shell,Shailer,Female,sshailer1q@baidu.com,Guadalupe,67.250.235.77,782-158-5468
7253,Willette,Abby,Female,wabby1r@sina.com.cn,Mochudi,53.109.150.59,513-815-1287
8945,Derk,Herculeson,Male,dherculeson1s@imageshack.us,Río Colorado,219.151.0.232,721-899-4000
3176,Zola,Colegate,,zcolegate1t@opensource.org,,103.0.98.12,
6856,Theadora,Staddom,Female,tstaddom1u@gizmodo.com,Walagar,239.5.161.144,417-863-5757
3467,Tybi,Heinzler,Female,theinzler1v@hatena.ne.jp,Tevriz,159.90.235.248,123-689-3133
5499,Zabrina,Torbet,Female,ztorbet1w@barnesandnoble.com,Trenton,105.109.131.41,609-901-0112
9030,Bord,Phil,Male,bphil1x@ucoz.com,Ngerengere,197.44.68.199,359-759-4576
6028,Gilbert,Gladhill,Male,ggladhill1y@cbslocal.com,Licheng,66.62.210.10,745-247-9342
8035,Zorana,Gosnay,,zgosnay1z@mashable.com,,60.50.253.36,
7059,Enriqueta,Bravery,,ebravery20@over-blog.com,,139.75.203.76,
4525,Joyann,Gilyott,Female,jgilyott21@who.int,Greenville,4.16.40.221,864-734-0322
4951,Luca,Saice,Male,lsaice22@istockphoto.com,Laoshawan,101.43.14.72,565-681-1602
7041,Anet,Manuel,,amanuel23@dyndns.org,,98.117.19.73,
9450,Chane,Cranton,Male,ccranton24@earthlink.net,Jishan,245.55.53.253,530-528-2472
5916,Adolpho,Wedgbrow,Male,awedgbrow25@51.la,Poá,118.44.184.177,889-583-8635
1749,Lib,Arrington,Female,larrington26@moonfruit.com,Qiaozhen,180.139.200.64,297-211-7050
6171,Currey,Fahrenbacher,Male,cfahrenbacher27@ezinearticles.com,Zhuhu,191.248.217.220,183-779-7042
1732,Melissa,Gussin,Female,mgussin28@pinterest.com,Mayrtup,131.154.192.125,279-147-2381
4778,Joni,Koppes,Female,jkoppes29@twitpic.com,Forninho,42.88.28.153,702-278-7708
5808,Ketti,Meharg,Female,kmeharg2a@canalblog.com,Kowale Oleckie,191.200.233.210,674-548-6630
8418,Sherline,Debenham,Female,sdebenham2b@nytimes.com,Mendes,171.229.24.164,699-417-9041
1174,Cherrita,Djuricic,Female,cdjuricic2c@multiply.com,Longjumeau,223.175.124.168,259-466-3225
1170,Scot,Gage,Male,sgage2d@va.gov,Anto,46.245.143.225,920-805-0286
3015,Laural,Simpole,Female,lsimpole2e@independent.co.uk,Xiabao,219.194.136.230,108-402-2487
9075,Antonina,Minerdo,Female,aminerdo2f@forbes.com,Romblon,13.172.139.199,881-338-0871
2070,Adolf,Bretelle,Male,abretelle2g@guardian.co.uk,Saint-Nazaire,80.208.207.108,374-990-2609
7177,Dene,Vakhonin,Male,dvakhonin2h@facebook.com,Shajing,50.172.181.253,565-751-6815
3421,Julie,McRuvie,Male,jmcruvie2i@pen.io,Trakan Phut Phon,103.240.187.23,271-185-1493
1145,Clary,Latchford,Female,clatchford2j@typepad.com,Los Rastrojos,16.127.250.29,313-152-1419
7683,Sella,Lilley,Female,slilley2k@github.com,San Carlos,244.182.17.158,551-403-3605
4038,Amelina,Undy,Female,aundy2l@answers.com,Barrinha,207.111.131.135,303-724-5242
1123,Filippo,Wehnerr,Male,fwehnerr2m@tuttocitta.it,Hongyi,35.34.25.164,999-265-3869
8767,Cesya,Wortley,Female,cwortley2n@live.com,Lakkíon,105.161.2.17,384-488-0768
8236,Lazare,Annwyl,Male,lannwyl2o@hugedomains.com,Konice,65.206.105.44,740-337-7571
2728,Averil,Morcomb,,amorcomb2p@histats.com,,18.127.162.48,
9201,Rene,Joules,Male,rjoules2q@feedburner.com,Banjar Bengkelgede,156.236.109.121,482-699-7670
7769,Hal,Teliga,Male,hteliga2r@ehow.com,Bārkhān,241.124.10.148,654-299-6387
